order_id,customer_id,restaurant_id,partner_id,order_date,total_amount,payment_method,status
1,19,100,231,2026-03-17,1078.92,Card,Cancelled
2,432,140,93,2026-01-23,1779.44,UPI,Delivered
3,34,282,118,2026-03-27,1002.19,Card,Cancelled
4,456,53,199,2026-02-12,296.83,Card,Cancelled
5,239,170,260,2026-02-22,372.85,Card,Cancelled
6,380,245,259,2026-03-20,468.12,UPI,Cancelled
7,313,100,116,2026-01-18,1616.74,UPI,Cancelled
8,450,80,53,2026-03-25,1458.49,Card,Delivered
9,78,192,287,2026-02-28,778.96,Card,Cancelled
10,199,250,229,2026-01-02,743.02,Cash,Cancelled
11,298,199,161,2026-03-24,1728.58,Card,Delivered
12,251,93,229,2026-01-13,476.0,UPI,Delivered
13,164,162,254,2026-03-10,1912.68,Cash,Cancelled
14,164,288,237,2026-03-16,781.91,Cash,Cancelled
15,465,112,86,2026-03-10,633.84,UPI,Delivered
16,400,165,32,2026-01-07,790.91,UPI,Cancelled
17,186,210,108,2026-02-16,1616.0,Card,Delivered
18,204,197,90,2026-02-10,215.09,Cash,Cancelled
19,402,114,120,2026-03-19,318.59,Cash,Cancelled
20,105,151,50,2026-02-19,981.13,Card,Delivered
21,488,79,58,2026-02-22,1160.51,Cash,Delivered
22,74,193,224,2026-02-13,785.98,Cash,Cancelled
23,100,82,85,2026-01-27,1946.06,UPI,Delivered
24,227,300,268,2026-01-16,433.79,UPI,Cancelled
25,407,163,71,2026-03-19,237.31,UPI,Delivered
26,355,255,251,2026-01-31,261.67,Cash,Delivered
27,273,241,290,2026-01-18,1992.46,UPI,Cancelled
28,71,144,179,2026-04-01,1969.72,Card,Cancelled
29,271,237,101,2026-01-04,1494.36,UPI,Delivered
30,156,22,137,2026-03-31,1675.43,UPI,Delivered
31,417,57,205,2026-01-14,797.34,Card,Cancelled
32,144,74,221,2026-03-27,868.63,Card,Cancelled
33,224,189,282,2026-02-22,1861.16,UPI,Delivered
34,122,123,11,2026-01-19,633.86,Card,Cancelled
35,226,291,49,2026-03-20,297.54,Cash,Delivered
36,221,143,213,2026-01-06,439.03,UPI,Cancelled
37,399,176,300,2026-02-23,1545.48,Cash,Cancelled
38,353,268,187,2026-01-17,1252.53,Card,Delivered
39,326,64,224,2026-02-01,1911.52,UPI,Cancelled
40,78,148,13,2026-01-17,1050.26,UPI,Cancelled
41,385,221,48,2026-01-09,1045.62,Cash,Delivered
42,276,202,279,2026-01-17,1912.72,UPI,Cancelled
43,427,163,225,2026-03-03,410.22,UPI,Cancelled
44,50,182,55,2026-01-14,1789.44,UPI,Delivered
45,335,45,2,2026-03-30,1122.27,UPI,Delivered
46,250,32,294,2026-02-09,972.23,Card,Cancelled
47,21,15,142,2026-03-22,1836.06,Card,Cancelled
48,138,165,245,2026-01-29,994.94,UPI,Cancelled
49,89,225,234,2026-03-07,732.27,Cash,Delivered
50,262,204,212,2026-02-11,1979.59,Cash,Cancelled
51,386,113,157,2026-03-03,230.79,UPI,Cancelled
52,424,185,133,2026-01-15,1721.8,Card,Cancelled
53,55,257,71,2026-01-18,1997.79,UPI,Cancelled
54,374,292,167,2026-03-02,1175.58,UPI,Delivered
55,104,138,34,2026-03-10,1613.03,Card,Delivered
56,137,257,12,2026-03-24,1218.25,UPI,Delivered
57,165,294,230,2026-03-29,364.72,Card,Cancelled
58,448,23,97,2026-03-17,505.31,Cash,Delivered
59,61,285,272,2026-01-06,749.2,UPI,Delivered
60,77,117,112,2026-03-10,361.41,Card,Cancelled
61,315,69,147,2026-02-04,1239.94,UPI,Delivered
62,136,30,12,2026-03-18,977.36,Card,Cancelled
63,224,35,95,2026-02-24,586.61,Cash,Delivered
64,422,220,213,2026-03-23,838.61,Card,Delivered
65,405,116,118,2026-01-23,1657.57,UPI,Cancelled
66,445,229,165,2026-01-09,1665.48,UPI,Cancelled
67,354,267,196,2026-01-20,392.95,Cash,Delivered
68,160,135,150,2026-03-02,1992.95,UPI,Delivered
69,326,195,18,2026-03-30,1617.51,Card,Cancelled
70,443,13,68,2026-03-10,616.89,Card,Delivered
71,360,224,103,2026-02-07,1128.84,UPI,Delivered
72,252,295,60,2026-02-01,520.01,Card,Cancelled
73,284,216,13,2026-02-21,1326.23,UPI,Cancelled
74,32,150,199,2026-01-17,1309.26,Cash,Delivered
75,307,139,246,2026-01-26,1271.77,Card,Delivered
76,401,79,288,2026-02-11,1485.56,Card,Delivered
77,339,50,190,2026-03-13,1017.52,UPI,Cancelled
78,412,44,209,2026-01-18,1469.41,Card,Delivered
79,299,67,287,2026-03-03,1946.9,Card,Delivered
80,15,193,32,2026-03-07,938.98,UPI,Delivered
81,21,233,43,2026-03-28,728.49,UPI,Cancelled
82,35,38,24,2026-01-06,1252.44,Card,Cancelled
83,276,241,184,2026-01-12,1730.78,UPI,Cancelled
84,128,168,120,2026-03-09,1978.9,Cash,Delivered
85,490,157,275,2026-02-09,780.97,Card,Delivered
86,247,130,118,2026-03-26,465.6,UPI,Delivered
87,133,205,104,2026-01-11,447.92,Cash,Delivered
88,198,109,82,2026-02-10,269.63,UPI,Cancelled
89,359,160,113,2026-01-15,1498.55,Card,Cancelled
90,43,36,37,2026-02-13,1681.97,UPI,Cancelled
91,235,6,86,2026-03-13,1024.69,Cash,Delivered
92,8,125,158,2026-01-25,585.52,Cash,Cancelled
93,136,179,137,2026-02-09,717.48,UPI,Delivered
94,400,226,22,2026-03-22,571.31,Card,Cancelled
95,156,59,127,2026-03-26,1411.39,UPI,Delivered
96,100,70,14,2026-01-04,992.41,Cash,Delivered
97,117,244,89,2026-03-13,1707.71,UPI,Delivered
98,33,9,71,2026-01-18,776.57,Cash,Delivered
99,277,134,100,2026-03-08,917.11,Cash,Cancelled
100,133,278,198,2026-02-15,1772.78,Cash,Cancelled
101,46,93,246,2026-02-05,1213.0,UPI,Delivered
102,14,265,27,2026-03-09,1723.2,UPI,Delivered
103,204,21,210,2026-02-10,1510.7,Cash,Cancelled
104,451,34,18,2026-03-06,436.0,Card,Cancelled
105,140,23,112,2026-03-11,549.74,Cash,Cancelled
106,466,266,12,2026-02-08,1878.65,Card,Delivered
107,267,274,84,2026-03-10,613.8,UPI,Cancelled
108,27,207,145,2026-01-22,226.74,UPI,Delivered
109,301,221,244,2026-04-01,1920.28,UPI,Cancelled
110,479,56,208,2026-03-26,1771.16,UPI,Delivered
111,260,244,253,2026-02-13,1121.98,Card,Cancelled
112,128,227,134,2026-03-16,1895.19,Card,Cancelled
113,118,194,55,2026-03-14,525.56,Cash,Cancelled
114,14,215,253,2026-01-10,309.49,Card,Delivered
115,332,120,233,2026-03-22,832.06,UPI,Cancelled
116,19,142,269,2026-03-28,1581.31,Card,Delivered
117,86,221,160,2026-03-15,1488.76,Cash,Delivered
118,384,197,15,2026-03-04,1928.76,Card,Delivered
119,133,13,290,2026-02-06,352.03,Cash,Delivered
120,151,42,88,2026-01-29,1019.89,Card,Cancelled
121,242,53,289,2026-03-28,1079.78,UPI,Delivered
122,10,143,19,2026-01-08,683.73,UPI,Cancelled
123,368,173,9,2026-03-21,1018.5,Card,Delivered
124,178,30,12,2026-01-29,992.86,UPI,Cancelled
125,92,119,42,2026-01-20,911.03,UPI,Cancelled
126,233,276,270,2026-01-01,492.6,Card,Delivered
127,345,266,225,2026-02-02,539.94,UPI,Cancelled
128,205,262,219,2026-02-22,689.36,Card,Delivered
129,242,215,83,2026-01-11,1815.21,UPI,Delivered
130,212,247,147,2026-02-04,1924.3,Cash,Cancelled
131,283,193,147,2026-02-20,632.25,Cash,Delivered
132,11,38,135,2026-02-03,1476.2,Card,Delivered
133,395,130,252,2026-02-03,228.28,Card,Delivered
134,78,58,197,2026-01-29,302.21,UPI,Delivered
135,282,240,13,2026-03-01,304.22,UPI,Cancelled
136,107,183,225,2026-03-24,398.96,Card,Cancelled
137,200,149,43,2026-03-25,612.63,Cash,Cancelled
138,179,219,221,2026-03-13,1476.53,Cash,Cancelled
139,137,96,78,2026-03-17,1742.62,Card,Cancelled
140,35,163,295,2026-02-18,1824.86,UPI,Delivered
141,59,273,105,2026-03-22,1059.07,Cash,Delivered
142,316,271,83,2026-02-15,1591.5,Card,Delivered
143,332,205,218,2026-01-18,1080.49,Cash,Delivered
144,39,13,189,2026-03-10,647.82,UPI,Cancelled
145,262,140,219,2026-02-26,1273.96,Card,Cancelled
146,42,29,72,2026-02-13,1851.57,Cash,Cancelled
147,47,5,34,2026-01-23,243.34,Card,Delivered
148,206,278,262,2026-02-28,688.41,Cash,Cancelled
149,197,54,203,2026-03-13,1034.05,UPI,Cancelled
150,352,14,194,2026-01-18,1347.19,Card,Cancelled
151,443,9,225,2026-03-26,770.98,UPI,Cancelled
152,356,27,299,2026-02-20,1663.4,Card,Delivered
153,208,64,290,2026-02-24,1989.99,UPI,Delivered
154,305,210,179,2026-03-13,516.04,Cash,Delivered
155,476,147,265,2026-01-19,1462.08,Card,Delivered
156,241,151,299,2026-03-14,1659.69,Cash,Cancelled
157,18,201,277,2026-03-28,1892.46,Card,Delivered
158,88,233,202,2026-02-11,1239.31,Cash,Delivered
159,459,41,202,2026-03-06,668.9,Card,Delivered
160,379,149,82,2026-03-22,1716.11,Card,Cancelled
161,64,131,5,2026-02-05,1946.47,Cash,Delivered
162,485,78,239,2026-03-01,633.54,UPI,Delivered
163,41,56,50,2026-01-29,1510.1,Cash,Delivered
164,130,213,76,2026-01-06,1667.26,UPI,Delivered
165,500,115,82,2026-02-19,1165.35,Card,Delivered
166,425,204,263,2026-02-15,1624.48,Cash,Delivered
167,272,37,26,2026-02-11,1921.16,Cash,Cancelled
168,231,45,1,2026-01-13,1768.18,UPI,Cancelled
169,157,131,235,2026-03-12,889.8,Cash,Delivered
170,329,65,261,2026-02-09,1102.67,Cash,Delivered
171,447,229,49,2026-02-16,1987.83,Cash,Delivered
172,59,192,130,2026-02-05,1567.04,UPI,Cancelled
173,73,286,115,2026-03-21,1892.31,UPI,Delivered
174,431,248,184,2026-04-01,1354.07,Card,Cancelled
175,461,226,58,2026-02-24,650.59,Cash,Cancelled
176,164,102,107,2026-03-07,612.92,Cash,Delivered
177,178,132,1,2026-02-18,1996.22,Cash,Delivered
178,392,248,47,2026-02-24,1129.61,Card,Delivered
179,56,219,208,2026-01-29,455.97,Cash,Cancelled
180,342,111,83,2026-03-08,587.72,Card,Cancelled
181,383,129,291,2026-02-14,1558.68,UPI,Delivered
182,473,247,275,2026-02-02,228.7,UPI,Delivered
183,103,133,118,2026-03-31,331.52,Cash,Cancelled
184,190,98,55,2026-03-30,1932.0,Card,Cancelled
185,169,211,176,2026-03-15,1999.18,Cash,Cancelled
186,387,142,181,2026-02-21,1303.93,Card,Delivered
187,242,178,145,2026-03-20,1490.61,UPI,Delivered
188,319,116,275,2026-01-22,990.73,Card,Cancelled
189,319,3,35,2026-02-21,914.35,Cash,Delivered
190,344,202,253,2026-03-02,377.97,Cash,Delivered
191,253,111,159,2026-03-26,1943.31,UPI,Cancelled
192,404,72,129,2026-02-07,1681.81,Cash,Cancelled
193,69,224,171,2026-03-02,1138.49,UPI,Cancelled
194,160,258,295,2026-01-06,730.34,Card,Cancelled
195,149,135,172,2026-01-21,1953.47,Card,Cancelled
196,227,254,87,2026-03-28,1810.9,Card,Delivered
197,299,106,163,2026-01-12,291.98,Cash,Cancelled
198,213,56,166,2026-01-06,432.61,UPI,Cancelled
199,320,182,266,2026-01-31,982.19,Cash,Delivered
200,43,17,172,2026-03-08,234.25,Card,Delivered
201,457,144,108,2026-01-22,1733.77,Card,Cancelled
202,85,23,20,2026-03-22,1094.99,Cash,Delivered
203,148,224,26,2026-02-18,1998.07,Card,Cancelled
204,295,250,105,2026-03-17,1243.09,Cash,Delivered
205,408,208,92,2026-02-13,1604.5,UPI,Cancelled
206,411,215,203,2026-01-10,592.7,UPI,Cancelled
207,134,44,93,2026-01-05,1314.16,Card,Cancelled
208,52,153,28,2026-02-09,1059.0,Card,Delivered
209,22,205,283,2026-01-17,217.88,Cash,Cancelled
210,373,196,175,2026-01-01,374.26,UPI,Delivered
211,90,296,194,2026-01-10,1155.4,Cash,Delivered
212,472,208,10,2026-01-29,1409.09,Cash,Cancelled
213,409,90,28,2026-03-20,1531.0,Card,Cancelled
214,82,114,47,2026-01-25,1300.66,Cash,Cancelled
215,341,129,99,2026-03-27,1112.59,Card,Cancelled
216,344,150,132,2026-02-01,1808.01,Cash,Delivered
217,137,186,297,2026-03-22,1504.7,Cash,Delivered
218,275,12,54,2026-01-25,593.46,UPI,Cancelled
219,84,17,113,2026-01-29,898.19,Card,Delivered
220,134,193,22,2026-03-23,1582.36,UPI,Cancelled
221,155,188,208,2026-02-25,1601.78,Card,Delivered
222,469,144,136,2026-02-06,1069.96,UPI,Cancelled
223,200,32,37,2026-01-19,668.38,Card,Delivered
224,443,158,21,2026-02-28,683.99,UPI,Cancelled
225,418,221,217,2026-02-25,1557.61,Cash,Cancelled
226,380,222,201,2026-01-25,720.62,UPI,Delivered
227,362,173,188,2026-01-21,1223.18,Cash,Cancelled
228,430,193,27,2026-01-16,980.73,UPI,Delivered
229,440,245,197,2026-01-30,511.22,UPI,Delivered
230,50,178,166,2026-03-21,1110.34,UPI,Cancelled
231,483,248,289,2026-03-22,1929.03,UPI,Delivered
232,128,68,62,2026-03-29,692.64,Cash,Delivered
233,191,147,110,2026-01-01,297.95,Card,Delivered
234,35,81,215,2026-01-17,683.18,UPI,Delivered
235,473,83,214,2026-01-25,589.87,Card,Cancelled
236,309,33,256,2026-01-23,637.0,UPI,Delivered
237,461,97,76,2026-02-01,1186.98,UPI,Cancelled
238,183,271,143,2026-01-11,522.72,Cash,Cancelled
239,402,286,295,2026-02-25,1478.49,UPI,Delivered
240,302,61,223,2026-03-12,1534.83,Card,Delivered
241,346,288,201,2026-02-26,798.61,Cash,Delivered
242,393,25,189,2026-01-07,1753.36,Card,Delivered
243,369,239,294,2026-03-26,871.79,UPI,Cancelled
244,280,245,275,2026-01-26,707.9,UPI,Delivered
245,113,145,55,2026-03-19,1698.16,UPI,Delivered
246,263,110,154,2026-02-24,1085.96,UPI,Cancelled
247,326,28,159,2026-01-27,1544.51,Cash,Delivered
248,7,234,167,2026-02-24,955.51,Cash,Delivered
249,259,27,196,2026-01-22,1904.74,UPI,Cancelled
250,189,282,219,2026-03-04,251.79,Cash,Cancelled
251,493,122,266,2026-02-19,1997.11,Cash,Delivered
252,453,103,162,2026-03-25,264.36,UPI,Cancelled
253,92,232,75,2026-03-31,458.42,Cash,Cancelled
254,48,263,64,2026-03-30,327.73,Card,Cancelled
255,108,20,272,2026-02-16,936.83,Card,Delivered
256,122,101,272,2026-01-22,1958.3,Card,Cancelled
257,423,295,260,2026-03-03,623.41,UPI,Cancelled
258,497,292,6,2026-01-16,1566.22,Cash,Cancelled
259,407,271,92,2026-01-12,1021.01,UPI,Cancelled
260,420,279,23,2026-01-18,1624.63,Cash,Delivered
261,480,184,232,2026-02-10,1960.02,UPI,Cancelled
262,431,44,202,2026-03-01,858.58,Card,Delivered
263,183,192,4,2026-03-16,370.77,Card,Cancelled
264,89,154,113,2026-03-31,1539.85,Card,Delivered
265,27,10,94,2026-01-06,1281.97,Card,Delivered
266,409,270,140,2026-02-04,1935.02,Cash,Delivered
267,67,212,178,2026-01-02,685.95,Card,Delivered
268,57,157,215,2026-02-19,1552.43,UPI,Cancelled
269,136,6,3,2026-03-14,1650.5,Card,Delivered
270,40,127,286,2026-02-14,1359.38,Cash,Delivered
271,206,72,170,2026-01-17,549.77,UPI,Delivered
272,397,18,143,2026-01-17,1999.18,Card,Delivered
273,359,5,33,2026-01-19,1636.92,Cash,Cancelled
274,159,69,201,2026-02-20,966.95,Card,Cancelled
275,150,244,96,2026-02-14,1953.89,UPI,Cancelled
276,356,28,256,2026-01-30,307.44,UPI,Delivered
277,238,2,126,2026-03-18,438.45,Card,Cancelled
278,304,142,94,2026-01-29,1500.92,UPI,Delivered
279,178,45,63,2026-02-12,1878.05,Cash,Delivered
280,169,287,275,2026-01-27,1006.36,Cash,Delivered
281,293,183,85,2026-02-25,525.97,UPI,Cancelled
282,352,253,41,2026-01-24,1998.68,Card,Delivered
283,35,129,169,2026-01-09,905.69,Card,Cancelled
284,265,37,98,2026-02-25,1807.83,Card,Cancelled
285,355,62,230,2026-02-14,792.71,UPI,Cancelled
286,343,72,99,2026-02-22,700.62,Cash,Delivered
287,432,297,159,2026-01-21,302.51,Cash,Delivered
288,327,58,93,2026-02-04,1471.4,Cash,Cancelled
289,466,127,240,2026-03-14,975.74,UPI,Cancelled
290,258,150,193,2026-02-16,1824.89,Cash,Cancelled
291,351,261,120,2026-01-17,970.38,UPI,Cancelled
292,267,95,32,2026-03-10,1471.29,UPI,Delivered
293,122,123,270,2026-02-14,1147.59,Card,Cancelled
294,402,121,1,2026-01-22,595.36,Cash,Delivered
295,80,281,47,2026-03-25,1637.42,UPI,Cancelled
296,185,171,71,2026-01-30,368.78,Card,Cancelled
297,446,22,281,2026-03-18,311.85,Cash,Cancelled
298,375,162,160,2026-01-05,1873.36,Cash,Cancelled
299,407,198,248,2026-02-09,730.36,UPI,Delivered
300,218,38,107,2026-01-14,421.52,UPI,Delivered
301,468,37,109,2026-03-02,1942.34,UPI,Cancelled
302,442,239,239,2026-02-06,1453.53,Cash,Delivered
303,237,193,43,2026-03-31,1521.01,UPI,Cancelled
304,231,105,152,2026-03-21,1666.62,Card,Delivered
305,311,203,193,2026-03-24,1718.81,Cash,Cancelled
306,127,253,8,2026-01-29,726.71,Card,Cancelled
307,387,57,62,2026-02-15,585.31,Card,Cancelled
308,216,32,91,2026-01-28,1959.01,Cash,Cancelled
309,192,270,73,2026-02-24,1639.67,Cash,Delivered
310,299,109,258,2026-01-06,1178.37,Cash,Cancelled
311,474,159,155,2026-03-25,1055.93,UPI,Cancelled
312,343,297,177,2026-02-25,984.31,Card,Delivered
313,105,237,296,2026-02-04,1806.3,Card,Cancelled
314,142,228,34,2026-02-06,400.1,Card,Cancelled
315,347,148,266,2026-03-29,1986.93,UPI,Cancelled
316,80,81,131,2026-02-01,1474.57,UPI,Cancelled
317,346,220,204,2026-01-04,605.64,UPI,Delivered
318,240,195,113,2026-01-22,725.85,Card,Cancelled
319,146,77,62,2026-01-02,1535.66,Card,Cancelled
320,215,284,32,2026-03-30,1391.87,Cash,Delivered
321,459,85,266,2026-01-13,1077.4,Card,Delivered
322,184,163,158,2026-01-08,264.8,Card,Cancelled
323,177,146,287,2026-01-05,1329.65,Card,Cancelled
324,471,147,262,2026-01-22,808.81,UPI,Delivered
325,498,68,197,2026-01-17,781.54,Card,Delivered
326,14,136,10,2026-02-07,1178.13,Cash,Delivered
327,277,238,13,2026-02-23,1653.64,Cash,Cancelled
328,64,295,292,2026-01-14,229.67,Card,Delivered
329,444,110,182,2026-03-05,1253.81,Card,Cancelled
330,164,97,5,2026-03-11,428.82,Card,Cancelled
331,324,264,52,2026-02-25,949.13,Cash,Cancelled
332,27,217,79,2026-01-12,1838.41,Card,Delivered
333,234,186,57,2026-01-11,1266.42,Card,Delivered
334,309,163,82,2026-01-27,1768.17,Card,Delivered
335,383,151,286,2026-01-27,1250.05,UPI,Cancelled
336,237,257,228,2026-03-14,895.04,Cash,Cancelled
337,429,73,1,2026-01-23,515.27,UPI,Delivered
338,440,69,125,2026-01-27,1855.8,UPI,Delivered
339,260,281,200,2026-03-04,909.81,Cash,Cancelled
340,490,259,224,2026-03-11,1047.06,Card,Delivered
341,340,102,194,2026-03-27,263.28,Card,Delivered
342,112,80,200,2026-02-26,996.18,Cash,Delivered
343,363,116,80,2026-02-14,714.27,Cash,Cancelled
344,79,34,202,2026-02-12,1825.32,UPI,Delivered
345,439,16,39,2026-01-01,1671.02,UPI,Cancelled
346,107,221,173,2026-01-08,1427.5,Cash,Cancelled
347,423,82,210,2026-01-26,344.27,UPI,Cancelled
348,426,171,258,2026-02-27,1861.07,UPI,Delivered
349,209,109,104,2026-01-19,322.71,Cash,Delivered
350,455,264,13,2026-02-28,788.7,Cash,Cancelled
351,159,79,232,2026-03-26,294.22,Card,Delivered
352,320,162,13,2026-01-04,1720.29,Card,Delivered
353,132,293,254,2026-01-30,1098.32,UPI,Delivered
354,461,16,121,2026-02-06,483.46,Cash,Delivered
355,304,236,56,2026-02-01,206.17,UPI,Cancelled
356,327,88,139,2026-03-25,1668.48,UPI,Cancelled
357,193,153,280,2026-01-30,444.3,Card,Delivered
358,424,274,62,2026-02-08,738.86,UPI,Delivered
359,205,51,16,2026-02-26,1935.33,Card,Cancelled
360,4,151,241,2026-03-24,1043.79,UPI,Delivered
361,447,281,103,2026-03-03,1134.16,Cash,Delivered
362,222,102,187,2026-01-18,1084.41,UPI,Delivered
363,496,186,35,2026-01-15,1452.32,UPI,Cancelled
364,378,209,231,2026-02-12,995.17,Card,Cancelled
365,21,105,133,2026-02-17,434.52,Cash,Delivered
366,430,103,168,2026-02-23,385.57,UPI,Delivered
367,482,197,100,2026-01-26,745.42,Card,Cancelled
368,15,128,143,2026-01-30,748.91,Cash,Delivered
369,179,80,290,2026-01-02,1550.84,Card,Cancelled
370,457,58,116,2026-03-29,1278.93,UPI,Delivered
371,88,102,219,2026-01-31,452.99,Card,Cancelled
372,181,43,20,2026-03-17,1923.11,Cash,Cancelled
373,182,148,191,2026-03-15,1539.15,Card,Cancelled
374,478,59,199,2026-01-02,743.03,Card,Delivered
375,432,262,246,2026-03-27,697.62,Card,Cancelled
376,220,234,298,2026-04-01,1791.14,Cash,Delivered
377,262,22,206,2026-01-22,661.72,Card,Delivered
378,314,86,216,2026-01-15,959.01,Card,Delivered
379,133,123,144,2026-01-12,1227.04,UPI,Cancelled
380,9,75,157,2026-02-24,1118.46,UPI,Cancelled
381,240,260,254,2026-01-05,1737.52,Cash,Delivered
382,55,151,212,2026-02-19,1034.05,Cash,Cancelled
383,14,135,32,2026-02-22,724.47,Card,Delivered
384,279,29,112,2026-01-18,768.75,UPI,Delivered
385,381,212,267,2026-02-08,1605.4,UPI,Delivered
386,254,267,33,2026-03-09,966.41,Cash,Delivered
387,208,168,145,2026-02-28,1097.42,Cash,Delivered
388,70,10,46,2026-03-09,1790.16,UPI,Cancelled
389,264,76,90,2026-03-03,1832.19,UPI,Cancelled
390,39,183,160,2026-01-06,1432.43,Cash,Cancelled
391,478,159,209,2026-02-17,917.48,Card,Cancelled
392,454,212,78,2026-02-11,1638.35,Cash,Cancelled
393,327,130,219,2026-02-02,1929.47,Card,Delivered
394,272,253,177,2026-02-07,1091.14,Card,Delivered
395,357,243,78,2026-03-24,1778.39,UPI,Cancelled
396,350,284,289,2026-01-09,1258.08,Card,Delivered
397,321,210,156,2026-02-23,685.61,Cash,Delivered
398,246,184,42,2026-03-25,1696.15,Card,Cancelled
399,419,24,219,2026-02-28,655.56,Cash,Delivered
400,76,106,196,2026-02-11,419.1,Card,Delivered
401,322,267,230,2026-03-02,1757.51,Cash,Delivered
402,432,80,32,2026-03-05,540.97,Card,Cancelled
403,380,133,250,2026-03-24,720.8,Card,Delivered
404,14,295,164,2026-01-28,928.53,Card,Delivered
405,424,222,180,2026-02-08,1756.94,Card,Cancelled
406,346,191,18,2026-01-16,1678.95,UPI,Delivered
407,418,133,9,2026-03-19,664.41,Card,Delivered
408,461,236,151,2026-02-21,1183.1,Card,Delivered
409,30,54,194,2026-03-05,1798.45,Card,Delivered
410,323,121,70,2026-03-01,764.46,UPI,Cancelled
411,464,145,177,2026-01-22,594.66,Cash,Delivered
412,486,32,233,2026-03-20,1627.71,Cash,Cancelled
413,241,187,219,2026-03-01,961.26,UPI,Cancelled
414,167,54,197,2026-01-08,1181.24,Cash,Cancelled
415,73,104,36,2026-02-12,1638.12,Card,Cancelled
416,164,239,279,2026-03-01,344.18,Cash,Cancelled
417,430,59,293,2026-03-11,1653.79,UPI,Cancelled
418,381,75,196,2026-01-12,373.27,Cash,Delivered
419,2,287,58,2026-01-19,1883.21,UPI,Delivered
420,170,64,299,2026-03-24,1206.64,Card,Cancelled
421,203,39,212,2026-03-29,1746.46,Cash,Cancelled
422,381,224,226,2026-02-08,916.22,Cash,Delivered
423,310,245,199,2026-02-28,1751.15,Card,Cancelled
424,426,73,136,2026-03-22,1959.87,UPI,Delivered
425,375,19,3,2026-01-22,1785.81,Card,Delivered
426,216,225,9,2026-01-21,976.41,Cash,Cancelled
427,447,203,30,2026-01-16,249.49,UPI,Cancelled
428,200,161,66,2026-03-25,719.22,UPI,Delivered
429,73,75,122,2026-03-12,1507.79,UPI,Delivered
430,251,287,235,2026-01-28,1617.71,Card,Cancelled
431,1,216,123,2026-03-09,1479.13,Card,Delivered
432,437,166,56,2026-03-09,1652.0,UPI,Cancelled
433,67,267,240,2026-02-02,1221.86,Cash,Cancelled
434,460,63,47,2026-02-02,1481.04,Card,Cancelled
435,216,260,225,2026-02-16,1099.46,Cash,Delivered
436,424,250,166,2026-01-07,1574.21,UPI,Delivered
437,40,92,244,2026-02-14,420.88,UPI,Cancelled
438,86,143,243,2026-01-10,1828.31,Card,Delivered
439,23,150,228,2026-01-30,1178.79,Card,Cancelled
440,6,156,241,2026-02-01,467.82,UPI,Delivered
441,37,132,87,2026-02-09,904.9,Cash,Cancelled
442,233,204,48,2026-01-24,1816.08,Card,Cancelled
443,2,277,85,2026-01-30,1018.31,UPI,Cancelled
444,77,173,176,2026-02-19,651.05,UPI,Delivered
445,132,110,4,2026-01-25,304.27,Cash,Delivered
446,146,114,269,2026-02-28,1555.86,Cash,Delivered
447,310,77,104,2026-01-10,1902.72,UPI,Cancelled
448,88,226,165,2026-01-21,293.17,Cash,Cancelled
449,147,297,66,2026-04-01,1947.52,Cash,Delivered
450,59,232,252,2026-02-01,613.6,Card,Delivered
451,157,78,137,2026-03-27,1351.87,Card,Delivered
452,490,3,190,2026-01-03,1103.4,UPI,Cancelled
453,22,18,16,2026-01-21,670.55,UPI,Cancelled
454,369,256,173,2026-03-03,1256.96,UPI,Delivered
455,368,46,190,2026-02-14,459.99,UPI,Cancelled
456,230,178,41,2026-02-18,644.18,UPI,Delivered
457,375,160,268,2026-01-12,865.61,UPI,Cancelled
458,285,146,159,2026-02-01,1656.94,UPI,Delivered
459,109,238,70,2026-02-22,1595.59,UPI,Cancelled
460,196,79,293,2026-01-10,639.02,Card,Cancelled
461,262,294,246,2026-03-19,1746.48,UPI,Delivered
462,185,233,247,2026-03-26,1386.52,Card,Delivered
463,171,77,138,2026-03-17,785.27,Cash,Delivered
464,24,207,137,2026-03-18,779.49,UPI,Delivered
465,476,192,241,2026-01-27,1336.62,Cash,Delivered
466,364,235,69,2026-01-08,1017.65,Cash,Delivered
467,132,80,146,2026-02-05,413.93,Card,Delivered
468,161,101,63,2026-02-13,1736.79,UPI,Cancelled
469,263,273,46,2026-01-18,1787.34,UPI,Cancelled
470,202,178,265,2026-01-18,913.86,UPI,Delivered
471,268,119,103,2026-03-29,1075.56,Card,Cancelled
472,286,5,271,2026-02-02,1557.06,Cash,Cancelled
473,499,196,268,2026-01-04,907.79,UPI,Cancelled
474,209,59,245,2026-01-13,927.21,UPI,Cancelled
475,481,289,41,2026-01-11,600.48,Card,Cancelled
476,348,176,183,2026-03-20,1483.38,Card,Delivered
477,71,114,206,2026-02-22,1324.99,Cash,Delivered
478,97,291,76,2026-02-01,1220.94,UPI,Delivered
479,216,27,263,2026-01-27,798.43,Cash,Cancelled
480,338,224,117,2026-02-14,830.83,Card,Delivered
481,465,240,66,2026-01-29,842.35,Card,Delivered
482,264,215,194,2026-03-01,1599.94,UPI,Cancelled
483,341,77,135,2026-03-01,1466.53,Cash,Delivered
484,186,217,122,2026-03-09,1743.4,Cash,Cancelled
485,226,267,6,2026-02-12,460.59,Cash,Delivered
486,51,116,140,2026-03-30,857.38,Cash,Delivered
487,184,189,20,2026-02-26,1464.99,UPI,Cancelled
488,181,178,283,2026-03-10,1880.32,Card,Cancelled
489,134,235,43,2026-03-07,295.89,Cash,Cancelled
490,471,109,219,2026-02-09,1202.98,UPI,Delivered
491,48,214,201,2026-02-05,1424.43,Card,Cancelled
492,249,48,212,2026-03-19,604.05,UPI,Cancelled
493,264,184,292,2026-01-16,1550.43,Cash,Delivered
494,42,166,126,2026-01-05,1748.33,UPI,Delivered
495,226,68,44,2026-01-05,1434.08,UPI,Delivered
496,254,65,254,2026-01-19,984.94,Card,Delivered
497,129,279,61,2026-03-19,1274.79,UPI,Cancelled
498,120,277,287,2026-01-05,472.71,UPI,Cancelled
499,68,171,197,2026-01-06,1199.16,UPI,Cancelled
500,168,106,219,2026-02-09,1912.65,UPI,Cancelled
501,428,3,54,2026-02-02,743.72,UPI,Cancelled
502,498,201,39,2026-01-02,1380.69,UPI,Delivered
503,215,270,229,2026-01-09,1195.78,Card,Delivered
504,253,249,189,2026-01-19,469.97,UPI,Delivered
505,278,8,255,2026-02-04,1325.74,Cash,Cancelled
506,76,162,205,2026-01-19,994.71,Cash,Cancelled
507,490,190,204,2026-03-17,1904.1,Cash,Delivered
508,111,282,115,2026-01-03,643.77,Cash,Cancelled
509,286,50,43,2026-02-25,252.65,UPI,Cancelled
510,372,103,271,2026-01-31,494.82,UPI,Delivered
511,154,129,171,2026-01-08,1759.71,Card,Cancelled
512,394,106,1,2026-02-17,1303.3,Card,Delivered
513,196,2,94,2026-01-23,230.19,Card,Delivered
514,338,97,125,2026-02-22,952.62,Cash,Delivered
515,293,195,23,2026-02-23,507.94,UPI,Delivered
516,30,150,76,2026-01-13,1185.07,Cash,Cancelled
517,480,87,84,2026-01-24,1806.82,UPI,Cancelled
518,46,230,94,2026-03-24,1620.75,Card,Cancelled
519,227,125,294,2026-02-14,1468.3,Cash,Delivered
520,112,138,123,2026-03-25,1662.35,Cash,Cancelled
521,367,121,185,2026-02-05,1717.15,Card,Cancelled
522,235,263,272,2026-01-26,1636.22,UPI,Delivered
523,277,80,217,2026-01-29,421.86,UPI,Cancelled
524,263,196,235,2026-02-24,370.31,UPI,Delivered
525,107,280,109,2026-02-20,978.0,Cash,Cancelled
526,328,54,193,2026-02-17,1344.78,Cash,Cancelled
527,408,189,161,2026-03-07,1740.01,Card,Delivered
528,39,117,44,2026-01-25,658.15,Card,Delivered
529,329,132,18,2026-03-05,1885.53,Card,Cancelled
530,214,105,28,2026-03-01,713.74,UPI,Delivered
531,479,173,277,2026-01-19,1818.37,Card,Cancelled
532,346,155,192,2026-02-24,1522.49,Card,Delivered
533,202,169,20,2026-02-28,1240.98,UPI,Delivered
534,321,70,127,2026-03-26,832.86,UPI,Cancelled
535,129,7,214,2026-02-21,768.39,UPI,Cancelled
536,106,198,108,2026-01-09,919.88,Cash,Delivered
537,327,240,109,2026-03-28,402.64,Card,Delivered
538,395,265,126,2026-02-19,1040.24,Card,Delivered
539,387,3,181,2026-01-21,1917.33,Cash,Cancelled
540,387,256,197,2026-01-18,563.23,Cash,Delivered
541,32,175,101,2026-03-19,1061.66,Cash,Delivered
542,255,259,271,2026-03-12,951.09,UPI,Delivered
543,6,158,215,2026-01-25,1449.22,UPI,Delivered
544,149,262,76,2026-02-18,713.31,UPI,Cancelled
545,120,158,230,2026-03-07,1320.85,Cash,Delivered
546,27,106,193,2026-03-31,789.93,Card,Cancelled
547,345,203,46,2026-01-06,483.03,UPI,Cancelled
548,93,21,247,2026-02-09,1029.86,Card,Cancelled
549,264,277,112,2026-03-21,1600.08,UPI,Delivered
550,410,33,123,2026-02-23,662.85,Card,Cancelled
551,323,227,9,2026-02-12,1085.29,Card,Delivered
552,218,199,96,2026-01-04,714.41,Cash,Cancelled
553,448,205,14,2026-01-25,638.13,Card,Cancelled
554,228,159,41,2026-02-16,1916.84,UPI,Cancelled
555,70,28,186,2026-01-21,1050.5,Cash,Delivered
556,8,245,235,2026-01-05,1672.21,Card,Delivered
557,91,54,125,2026-02-21,712.81,UPI,Delivered
558,106,220,147,2026-01-14,1830.94,Card,Cancelled
559,324,239,72,2026-01-15,706.07,Card,Cancelled
560,153,101,131,2026-01-05,1036.2,Cash,Delivered
561,161,234,57,2026-01-01,316.14,Card,Cancelled
562,72,259,157,2026-01-06,874.4,Card,Cancelled
563,443,27,240,2026-01-23,1712.7,UPI,Delivered
564,84,219,280,2026-03-03,916.74,Card,Delivered
565,236,84,223,2026-03-20,1082.94,UPI,Delivered
566,286,274,246,2026-01-04,1227.86,Cash,Delivered
567,23,276,155,2026-01-31,945.27,Cash,Cancelled
568,292,179,283,2026-02-02,799.6,Card,Delivered
569,219,114,255,2026-01-24,1669.38,Cash,Cancelled
570,130,125,34,2026-03-26,1310.52,Card,Delivered
571,245,247,84,2026-02-07,1724.58,Cash,Delivered
572,293,298,268,2026-01-07,810.86,UPI,Delivered
573,336,87,75,2026-03-17,1425.52,Card,Cancelled
574,483,103,239,2026-03-23,1400.51,UPI,Delivered
575,26,9,40,2026-01-26,896.29,Card,Cancelled
576,469,83,3,2026-01-25,1671.92,UPI,Delivered
577,464,202,58,2026-01-08,865.28,Cash,Delivered
578,268,49,163,2026-02-18,1081.96,UPI,Cancelled
579,207,288,41,2026-01-31,979.43,Cash,Cancelled
580,177,264,151,2026-01-03,617.2,Card,Cancelled
581,26,32,209,2026-02-17,1290.91,Cash,Delivered
582,75,170,98,2026-03-30,453.85,Card,Cancelled
583,454,188,191,2026-01-01,1923.18,Cash,Delivered
584,68,19,73,2026-02-19,288.93,Card,Cancelled
585,21,41,66,2026-02-12,447.14,Card,Delivered
586,228,102,210,2026-01-21,870.44,Card,Delivered
587,13,294,92,2026-02-28,1520.52,Cash,Delivered
588,383,73,213,2026-01-05,1387.54,Cash,Delivered
589,460,37,269,2026-01-08,1596.34,Cash,Cancelled
590,355,241,287,2026-02-04,993.81,Cash,Delivered
591,176,55,154,2026-03-14,612.64,UPI,Delivered
592,106,92,202,2026-01-15,1556.0,Card,Delivered
593,119,288,106,2026-03-14,1078.1,Cash,Delivered
594,495,60,197,2026-03-29,1000.87,Cash,Delivered
595,413,247,250,2026-03-19,1587.83,UPI,Cancelled
596,260,241,35,2026-01-23,1548.49,Card,Delivered
597,357,267,155,2026-02-03,1727.66,UPI,Delivered
598,41,76,257,2026-02-10,1856.46,UPI,Delivered
599,397,13,274,2026-03-27,201.21,UPI,Cancelled
600,25,269,274,2026-03-03,339.44,Card,Delivered
601,183,230,42,2026-02-05,824.88,UPI,Delivered
602,3,296,203,2026-03-15,548.56,Cash,Delivered
603,250,63,179,2026-01-20,1142.46,Cash,Cancelled
604,53,277,91,2026-03-18,1100.2,Card,Delivered
605,46,60,293,2026-02-08,780.07,Card,Cancelled
606,148,260,225,2026-02-26,1614.44,Cash,Cancelled
607,77,156,299,2026-03-17,685.22,UPI,Cancelled
608,291,203,67,2026-01-05,1081.32,Cash,Cancelled
609,135,63,296,2026-03-27,720.95,UPI,Delivered
610,277,300,38,2026-02-19,923.97,UPI,Cancelled
611,350,130,121,2026-01-06,810.01,Card,Cancelled
612,68,124,249,2026-01-14,783.29,Card,Delivered
613,299,240,19,2026-03-07,982.06,Card,Cancelled
614,317,66,69,2026-03-20,1743.68,Card,Delivered
615,493,28,226,2026-01-03,207.03,Cash,Cancelled
616,499,96,108,2026-02-11,1506.36,Cash,Delivered
617,103,200,170,2026-03-26,1592.65,Cash,Cancelled
618,141,83,154,2026-02-05,1405.96,Cash,Delivered
619,317,246,293,2026-03-09,1268.13,UPI,Delivered
620,62,231,259,2026-03-05,1180.94,UPI,Cancelled
621,366,194,298,2026-03-08,603.57,UPI,Cancelled
622,58,45,244,2026-01-30,653.19,Cash,Cancelled
623,171,197,125,2026-01-03,976.27,Cash,Cancelled
624,244,132,210,2026-01-09,1528.99,Cash,Delivered
625,63,197,61,2026-04-01,1708.61,Card,Delivered
626,279,177,39,2026-01-12,905.66,Cash,Cancelled
627,383,81,205,2026-03-03,276.38,Card,Cancelled
628,232,8,125,2026-02-19,1167.48,UPI,Cancelled
629,108,55,237,2026-02-21,553.53,Cash,Cancelled
630,14,144,12,2026-02-25,1597.22,Card,Cancelled
631,398,91,97,2026-01-17,1107.89,Card,Delivered
632,22,212,75,2026-03-12,1040.57,UPI,Cancelled
633,333,154,300,2026-01-06,726.85,Cash,Cancelled
634,17,250,45,2026-02-07,1886.92,Cash,Cancelled
635,323,253,136,2026-03-31,1666.2,UPI,Cancelled
636,152,26,178,2026-01-05,559.05,UPI,Delivered
637,484,47,21,2026-01-18,369.75,UPI,Cancelled
638,253,294,243,2026-02-10,238.62,Cash,Cancelled
639,377,270,73,2026-01-31,1190.14,UPI,Cancelled
640,198,115,286,2026-03-12,215.19,Cash,Cancelled
641,407,199,286,2026-02-22,1769.35,Cash,Delivered
642,224,91,57,2026-01-17,1221.95,Cash,Cancelled
643,459,181,242,2026-01-23,1095.65,Cash,Delivered
644,441,137,123,2026-03-17,675.24,Cash,Cancelled
645,336,285,113,2026-02-01,672.94,UPI,Delivered
646,237,183,67,2026-01-08,1758.9,Cash,Delivered
647,377,22,218,2026-02-08,1004.05,Cash,Delivered
648,489,287,194,2026-01-23,1656.12,Cash,Cancelled
649,371,161,158,2026-03-25,700.78,Card,Cancelled
650,388,220,125,2026-01-12,1915.15,Cash,Cancelled
651,480,181,125,2026-01-13,1483.5,Card,Cancelled
652,461,292,182,2026-01-06,1859.44,Cash,Delivered
653,338,50,2,2026-02-19,1685.93,Cash,Delivered
654,56,111,192,2026-03-01,319.54,UPI,Cancelled
655,225,49,264,2026-01-24,1848.09,Cash,Cancelled
656,192,78,62,2026-01-24,1367.02,UPI,Cancelled
657,94,115,148,2026-01-21,1667.01,UPI,Delivered
658,112,4,111,2026-03-19,222.53,Cash,Cancelled
659,99,193,153,2026-03-30,468.71,Card,Cancelled
660,194,56,100,2026-03-21,810.7,Card,Cancelled
661,85,12,257,2026-01-25,674.08,UPI,Delivered
662,111,72,128,2026-01-09,1621.18,Cash,Cancelled
663,268,10,293,2026-03-08,1123.98,Card,Delivered
664,90,211,66,2026-01-13,1748.84,Card,Delivered
665,29,191,87,2026-01-31,1753.27,Cash,Delivered
666,419,276,126,2026-02-25,684.01,Cash,Delivered
667,304,122,53,2026-02-07,1181.87,Card,Cancelled
668,92,65,212,2026-03-13,771.93,Card,Delivered
669,274,127,15,2026-03-24,772.39,UPI,Delivered
670,51,226,208,2026-02-21,1089.27,Cash,Delivered
671,55,99,90,2026-02-27,1343.98,Cash,Cancelled
672,35,198,10,2026-01-01,1648.83,Cash,Cancelled
673,327,290,106,2026-02-05,1582.13,Cash,Delivered
674,22,195,262,2026-02-27,910.65,UPI,Delivered
675,182,120,101,2026-02-07,1027.42,Card,Cancelled
676,393,281,98,2026-01-05,412.08,Cash,Cancelled
677,375,128,81,2026-02-24,1750.67,Card,Cancelled
678,282,300,192,2026-03-29,1940.28,Cash,Cancelled
679,260,218,232,2026-02-24,1669.7,UPI,Delivered
680,265,232,240,2026-01-23,302.43,UPI,Cancelled
681,386,137,98,2026-02-21,1378.73,Card,Cancelled
682,193,277,260,2026-03-18,1661.51,Cash,Delivered
683,251,198,135,2026-01-31,1304.25,Card,Delivered
684,202,51,27,2026-01-21,581.64,Card,Delivered
685,438,149,289,2026-01-23,407.6,Cash,Delivered
686,148,81,75,2026-02-23,1714.09,UPI,Cancelled
687,98,63,172,2026-03-12,1382.16,UPI,Cancelled
688,359,21,98,2026-03-21,517.35,Cash,Delivered
689,490,217,57,2026-01-25,787.26,Cash,Cancelled
690,2,258,156,2026-01-23,888.98,Card,Cancelled
691,163,173,70,2026-01-09,666.48,Card,Cancelled
692,480,237,99,2026-01-21,890.62,UPI,Cancelled
693,63,286,96,2026-04-01,662.73,Card,Cancelled
694,381,153,103,2026-02-07,842.79,Cash,Delivered
695,438,111,277,2026-03-27,1773.22,UPI,Cancelled
696,135,274,274,2026-01-28,1835.28,Cash,Delivered
697,341,289,35,2026-01-17,1618.25,UPI,Cancelled
698,441,30,30,2026-02-02,1287.35,UPI,Delivered
699,440,48,87,2026-02-15,1405.67,UPI,Delivered
700,313,23,259,2026-03-24,1302.03,Cash,Delivered
701,210,253,31,2026-03-28,1174.12,UPI,Delivered
702,56,167,219,2026-03-26,517.91,Cash,Cancelled
703,182,16,236,2026-02-09,814.75,Card,Cancelled
704,182,84,224,2026-03-02,309.8,Cash,Cancelled
705,292,25,16,2026-02-03,891.28,Card,Delivered
706,424,279,240,2026-02-19,521.25,Cash,Delivered
707,434,85,211,2026-03-20,1015.9,Cash,Delivered
708,24,291,204,2026-01-26,332.66,Cash,Cancelled
709,457,73,116,2026-01-01,1439.26,Card,Cancelled
710,53,200,163,2026-01-27,259.1,UPI,Delivered
711,486,181,22,2026-02-14,1362.57,Cash,Cancelled
712,151,259,83,2026-02-25,1549.38,Cash,Delivered
713,421,7,292,2026-03-26,201.24,UPI,Delivered
714,50,4,224,2026-02-26,486.77,Card,Cancelled
715,96,294,201,2026-03-27,545.76,Cash,Cancelled
716,59,61,288,2026-02-10,413.45,UPI,Cancelled
717,287,29,55,2026-02-15,1035.21,Card,Delivered
718,168,225,65,2026-03-16,1678.67,Card,Delivered
719,148,273,59,2026-01-17,1618.17,UPI,Delivered
720,221,261,44,2026-02-24,961.21,Cash,Delivered
721,295,253,256,2026-03-31,1491.54,Cash,Cancelled
722,385,237,240,2026-02-07,635.51,Cash,Delivered
723,32,142,8,2026-01-17,1576.46,Card,Delivered
724,149,280,155,2026-01-27,461.63,UPI,Delivered
725,86,88,209,2026-03-26,502.83,UPI,Cancelled
726,174,79,286,2026-02-02,617.68,Card,Cancelled
727,397,119,88,2026-01-02,1337.8,UPI,Delivered
728,320,16,219,2026-01-29,1263.12,Cash,Delivered
729,352,10,276,2026-01-23,991.19,Cash,Cancelled
730,76,187,206,2026-03-22,1738.15,Cash,Cancelled
731,326,144,63,2026-03-13,1103.78,Card,Delivered
732,325,270,32,2026-02-07,715.07,UPI,Cancelled
733,59,259,231,2026-02-15,694.35,Cash,Delivered
734,283,140,174,2026-01-08,1918.24,UPI,Cancelled
735,136,35,118,2026-03-04,934.89,Card,Delivered
736,212,235,223,2026-03-20,598.94,Cash,Delivered
737,203,195,97,2026-03-06,561.58,Cash,Delivered
738,321,74,234,2026-01-05,1973.75,Card,Delivered
739,438,124,164,2026-02-02,1988.95,UPI,Cancelled
740,233,136,175,2026-02-25,1607.52,Cash,Delivered
741,382,7,138,2026-04-01,1879.96,Cash,Delivered
742,424,191,198,2026-01-30,1575.59,UPI,Delivered
743,343,62,99,2026-01-29,1730.14,UPI,Delivered
744,212,176,74,2026-01-06,1500.26,UPI,Cancelled
745,426,111,32,2026-03-23,1902.17,UPI,Delivered
746,97,181,33,2026-01-05,877.74,Cash,Delivered
747,164,201,150,2026-03-29,508.79,Card,Cancelled
748,299,186,117,2026-02-05,596.37,Cash,Cancelled
749,185,146,181,2026-01-19,1962.3,Cash,Cancelled
750,269,30,47,2026-01-07,1746.1,Card,Cancelled
751,124,157,266,2026-03-11,1749.34,Card,Cancelled
752,77,275,52,2026-01-22,1826.36,Cash,Delivered
753,114,155,223,2026-03-26,959.43,Card,Cancelled
754,227,230,29,2026-02-09,1018.89,Card,Delivered
755,483,64,153,2026-03-15,1309.19,UPI,Delivered
756,123,186,230,2026-01-15,859.65,Card,Delivered
757,419,53,67,2026-02-05,1654.02,Card,Cancelled
758,119,181,20,2026-03-12,300.21,UPI,Delivered
759,233,261,48,2026-03-05,931.11,Cash,Delivered
760,156,6,235,2026-01-10,1962.09,Cash,Delivered
761,368,67,284,2026-01-28,1245.02,UPI,Delivered
762,182,29,191,2026-01-21,252.76,Cash,Cancelled
763,48,18,230,2026-02-27,1633.19,Card,Cancelled
764,20,269,20,2026-01-08,531.73,Cash,Cancelled
765,61,295,157,2026-03-09,532.44,Cash,Delivered
766,77,131,60,2026-03-03,1199.09,UPI,Cancelled
767,413,119,117,2026-01-17,805.32,Card,Cancelled
768,393,6,291,2026-03-14,1858.4,Cash,Cancelled
769,282,95,8,2026-03-15,1545.05,Cash,Cancelled
770,151,287,88,2026-03-18,1325.15,Card,Delivered
771,296,259,188,2026-02-16,1443.98,Cash,Cancelled
772,464,242,177,2026-03-05,1728.31,UPI,Delivered
773,405,118,167,2026-01-13,571.42,Cash,Delivered
774,181,114,214,2026-03-17,878.26,UPI,Delivered
775,391,143,297,2026-02-25,874.93,UPI,Delivered
776,436,92,179,2026-02-12,899.13,UPI,Delivered
777,496,242,97,2026-02-23,247.58,Cash,Delivered
778,342,94,42,2026-01-26,1942.47,Cash,Delivered
779,98,232,132,2026-01-12,309.56,Card,Cancelled
780,472,122,232,2026-02-23,423.43,UPI,Delivered
781,16,90,211,2026-01-28,1332.09,Card,Cancelled
782,92,99,216,2026-02-12,367.07,Cash,Cancelled
783,45,265,236,2026-02-16,1153.32,Cash,Delivered
784,143,183,184,2026-01-26,1983.34,UPI,Delivered
785,167,189,226,2026-02-24,1033.07,Cash,Delivered
786,391,19,108,2026-03-12,1592.85,UPI,Cancelled
787,361,125,30,2026-02-02,759.95,Card,Delivered
788,185,265,43,2026-02-25,1607.08,UPI,Cancelled
789,84,123,294,2026-03-03,201.88,UPI,Delivered
790,168,47,299,2026-01-27,901.53,Cash,Cancelled
791,292,176,194,2026-03-27,988.37,Cash,Cancelled
792,72,276,153,2026-01-25,1176.19,UPI,Cancelled
793,204,95,17,2026-02-14,352.86,Cash,Delivered
794,80,298,71,2026-02-20,530.17,UPI,Cancelled
795,99,267,201,2026-03-13,1581.29,Cash,Cancelled
796,474,209,141,2026-01-23,620.26,Cash,Cancelled
797,267,5,150,2026-03-20,717.79,Card,Delivered
798,449,239,20,2026-01-27,1632.85,Card,Delivered
799,45,27,35,2026-03-28,1096.06,Card,Cancelled
800,200,116,28,2026-03-20,947.2,UPI,Cancelled
801,23,80,258,2026-02-28,1829.03,Cash,Delivered
802,322,83,110,2026-01-27,427.63,Card,Delivered
803,314,189,185,2026-02-21,800.37,UPI,Cancelled
804,273,174,31,2026-02-11,782.82,Card,Delivered
805,471,8,14,2026-01-12,1077.38,UPI,Delivered
806,319,270,211,2026-02-19,1682.86,Cash,Delivered
807,265,224,23,2026-02-03,1620.76,Card,Delivered
808,283,2,151,2026-01-06,956.8,Card,Cancelled
809,206,32,138,2026-03-16,436.98,UPI,Delivered
810,229,28,291,2026-01-21,1671.43,Card,Delivered
811,439,17,271,2026-03-12,503.08,Cash,Cancelled
812,6,281,5,2026-01-09,1716.28,UPI,Delivered
813,17,262,121,2026-03-10,1944.61,Cash,Cancelled
814,250,191,171,2026-01-14,495.15,Cash,Delivered
815,43,112,85,2026-02-01,1442.87,UPI,Delivered
816,107,67,39,2026-03-30,1009.67,Card,Cancelled
817,73,89,300,2026-02-01,1581.13,Card,Delivered
818,271,274,89,2026-02-17,1585.89,Cash,Delivered
819,4,286,300,2026-02-05,1817.27,Card,Delivered
820,403,58,181,2026-03-17,1479.6,Cash,Cancelled
821,380,297,146,2026-01-22,1738.49,Card,Cancelled
822,166,259,220,2026-03-07,400.15,UPI,Delivered
823,315,216,198,2026-02-09,870.09,Cash,Delivered
824,76,286,291,2026-04-01,1540.63,Cash,Cancelled
825,284,130,213,2026-01-29,805.29,Card,Delivered
826,58,52,225,2026-01-06,419.0,Card,Cancelled
827,62,161,196,2026-02-05,1939.24,UPI,Cancelled
828,441,46,256,2026-03-06,816.52,UPI,Cancelled
829,396,51,283,2026-01-13,638.58,UPI,Cancelled
830,23,86,32,2026-02-13,228.04,Card,Cancelled
831,284,126,182,2026-02-09,463.05,Cash,Delivered
832,480,97,18,2026-03-22,517.17,Cash,Cancelled
833,488,135,108,2026-02-25,489.86,Card,Delivered
834,123,238,74,2026-01-23,1306.86,Cash,Cancelled
835,166,83,164,2026-03-14,1878.88,Cash,Cancelled
836,434,100,86,2026-01-31,1814.38,Card,Delivered
837,67,14,224,2026-01-19,293.8,Cash,Cancelled
838,220,111,81,2026-01-19,1991.34,Card,Delivered
839,368,135,191,2026-01-09,804.24,Cash,Cancelled
840,80,247,27,2026-03-29,1658.1,Card,Cancelled
841,418,45,10,2026-03-20,214.8,UPI,Delivered
842,396,111,190,2026-01-04,566.71,Card,Delivered
843,26,114,153,2026-04-01,561.16,UPI,Delivered
844,425,102,191,2026-03-15,1156.67,Cash,Delivered
845,364,52,161,2026-03-14,488.61,Cash,Cancelled
846,256,12,278,2026-03-26,1061.17,UPI,Cancelled
847,294,184,178,2026-02-10,940.6,UPI,Delivered
848,237,167,86,2026-01-14,1364.25,Card,Delivered
849,228,1,70,2026-03-06,733.51,Card,Cancelled
850,244,244,32,2026-01-08,1222.88,UPI,Cancelled
851,211,19,125,2026-03-18,409.7,Card,Delivered
852,454,158,4,2026-03-16,1687.72,UPI,Cancelled
853,322,187,3,2026-02-05,583.74,Cash,Cancelled
854,370,232,258,2026-01-28,1584.16,UPI,Cancelled
855,18,50,203,2026-03-24,371.86,UPI,Cancelled
856,251,77,58,2026-03-18,1460.31,Card,Delivered
857,56,273,238,2026-01-08,329.07,Card,Cancelled
858,81,250,192,2026-03-10,662.82,Cash,Cancelled
859,89,155,268,2026-03-03,252.35,UPI,Delivered
860,40,63,152,2026-02-19,1626.51,Cash,Delivered
861,480,114,89,2026-02-02,1572.8,Card,Delivered
862,51,166,267,2026-02-27,1182.65,Card,Cancelled
863,270,58,240,2026-01-12,1277.99,Card,Cancelled
864,243,195,197,2026-03-01,375.37,Card,Delivered
865,89,253,221,2026-01-09,1765.93,UPI,Cancelled
866,260,170,21,2026-03-29,1725.96,UPI,Delivered
867,384,272,90,2026-02-27,1014.43,Cash,Cancelled
868,260,105,219,2026-01-10,772.68,Card,Cancelled
869,322,16,292,2026-03-27,1474.53,Cash,Delivered
870,393,208,280,2026-01-22,1615.0,Card,Delivered
871,381,71,176,2026-03-05,1502.68,Cash,Delivered
872,306,253,10,2026-01-21,1884.9,UPI,Delivered
873,253,81,211,2026-02-04,1750.08,Card,Cancelled
874,130,96,269,2026-02-11,1263.16,UPI,Delivered
875,81,130,62,2026-03-19,564.3,Cash,Delivered
876,385,299,233,2026-03-08,1526.21,Cash,Delivered
877,287,127,91,2026-03-11,951.71,Cash,Delivered
878,169,7,165,2026-01-06,1559.29,UPI,Delivered
879,423,127,299,2026-02-17,1824.14,Cash,Cancelled
880,81,168,110,2026-03-25,1326.06,Card,Cancelled
881,300,266,259,2026-02-04,1488.16,Cash,Cancelled
882,386,83,34,2026-01-29,1967.91,UPI,Cancelled
883,193,87,11,2026-01-18,1455.0,UPI,Delivered
884,465,288,29,2026-01-05,1301.98,Card,Delivered
885,135,146,142,2026-03-05,1515.08,Card,Delivered
886,160,194,223,2026-01-12,1899.76,UPI,Delivered
887,355,149,106,2026-01-09,1631.06,UPI,Cancelled
888,71,114,184,2026-02-04,832.8,Cash,Delivered
889,375,101,156,2026-01-14,623.82,Cash,Delivered
890,482,171,194,2026-01-06,584.15,Cash,Delivered
891,240,170,150,2026-02-28,798.17,Cash,Delivered
892,45,66,85,2026-03-07,236.32,UPI,Delivered
893,385,222,159,2026-01-27,1351.18,UPI,Cancelled
894,269,5,101,2026-03-09,320.29,UPI,Cancelled
895,397,163,118,2026-01-27,671.93,Card,Cancelled
896,424,234,103,2026-01-07,1558.02,UPI,Cancelled
897,200,194,107,2026-01-20,764.88,UPI,Cancelled
898,205,3,239,2026-03-01,833.18,Cash,Cancelled
899,29,227,201,2026-02-13,1417.34,Cash,Cancelled
900,363,148,31,2026-03-04,1105.06,UPI,Delivered
901,475,155,84,2026-03-24,1011.73,Card,Delivered
902,155,201,4,2026-03-11,538.87,Cash,Cancelled
903,150,136,284,2026-01-02,667.34,Card,Delivered
904,283,20,101,2026-03-14,1451.88,UPI,Cancelled
905,154,250,263,2026-02-11,661.12,Card,Delivered
906,207,256,286,2026-02-20,606.12,Card,Cancelled
907,367,199,29,2026-01-10,202.48,UPI,Cancelled
908,55,20,242,2026-01-26,1681.75,UPI,Delivered
909,22,259,131,2026-02-10,571.12,Card,Delivered
910,92,131,24,2026-03-15,1915.2,UPI,Delivered
911,304,284,111,2026-01-08,1548.66,Card,Delivered
912,353,207,297,2026-01-23,1592.23,UPI,Cancelled
913,475,14,111,2026-03-06,1662.6,Cash,Cancelled
914,38,88,139,2026-03-01,1879.03,UPI,Cancelled
915,299,287,300,2026-02-07,560.54,Card,Delivered
916,150,156,103,2026-03-15,1217.22,UPI,Delivered
917,421,107,111,2026-02-05,1566.05,Cash,Delivered
918,163,205,247,2026-03-05,1503.67,UPI,Cancelled
919,239,130,244,2026-01-10,1519.15,UPI,Cancelled
920,355,6,127,2026-03-03,1189.98,UPI,Cancelled
921,119,28,154,2026-01-13,1309.06,UPI,Delivered
922,144,79,121,2026-02-05,1170.22,Cash,Delivered
923,29,211,226,2026-03-03,1487.62,UPI,Cancelled
924,223,153,250,2026-03-22,293.04,Card,Cancelled
925,323,14,87,2026-02-24,705.55,UPI,Delivered
926,314,164,203,2026-01-19,1174.44,Cash,Cancelled
927,392,166,188,2026-03-09,1643.19,UPI,Delivered
928,111,54,42,2026-02-23,1864.26,UPI,Delivered
929,233,271,292,2026-01-11,332.19,Card,Delivered
930,378,214,39,2026-01-24,1031.79,UPI,Cancelled
931,187,207,74,2026-03-24,1250.9,UPI,Delivered
932,168,97,272,2026-02-19,1603.08,Cash,Delivered
933,226,106,297,2026-02-09,1434.72,Card,Delivered
934,28,84,101,2026-02-02,1453.14,Cash,Delivered
935,205,177,245,2026-01-06,1112.46,Card,Delivered
936,400,42,8,2026-01-25,1709.14,Card,Delivered
937,484,138,202,2026-03-05,422.38,UPI,Delivered
938,87,102,219,2026-02-14,757.6,Card,Delivered
939,209,18,21,2026-02-18,1549.31,UPI,Cancelled
940,165,210,142,2026-02-21,1013.73,Card,Delivered
941,357,221,179,2026-01-17,1467.26,Card,Cancelled
942,223,18,189,2026-03-06,1564.09,Card,Delivered
943,382,184,92,2026-01-28,1201.69,Cash,Cancelled
944,287,90,217,2026-03-05,863.44,Card,Delivered
945,420,94,184,2026-01-22,1626.1,Cash,Cancelled
946,229,277,99,2026-03-22,420.59,Cash,Delivered
947,114,225,159,2026-02-24,956.31,UPI,Delivered
948,58,20,3,2026-02-27,1158.8,Cash,Delivered
949,17,256,170,2026-01-31,568.68,UPI,Delivered
950,391,154,144,2026-03-30,1462.83,UPI,Cancelled
951,217,169,32,2026-02-27,1114.5,UPI,Cancelled
952,82,290,297,2026-01-29,1254.73,Cash,Cancelled
953,336,294,241,2026-03-17,716.04,Card,Delivered
954,334,130,83,2026-03-12,519.59,Cash,Delivered
955,355,155,204,2026-02-24,916.63,UPI,Cancelled
956,288,278,170,2026-01-22,639.27,UPI,Delivered
957,361,39,39,2026-02-06,1443.83,UPI,Cancelled
958,68,208,203,2026-01-02,1955.89,Cash,Delivered
959,309,27,68,2026-01-16,1037.67,Card,Delivered
960,241,120,300,2026-01-21,605.42,Card,Cancelled
961,297,289,145,2026-02-28,437.85,Cash,Delivered
962,67,273,79,2026-01-05,1251.4,Cash,Cancelled
963,281,90,18,2026-03-11,824.12,Card,Delivered
964,167,95,109,2026-01-30,1999.88,UPI,Cancelled
965,378,127,65,2026-03-26,576.01,Cash,Cancelled
966,208,235,136,2026-02-01,1737.97,UPI,Delivered
967,45,19,147,2026-01-06,1096.63,UPI,Cancelled
968,190,178,123,2026-03-19,581.23,UPI,Delivered
969,143,166,186,2026-02-13,1851.29,UPI,Delivered
970,202,235,108,2026-01-23,1317.21,Card,Cancelled
971,489,179,190,2026-02-18,1796.23,Cash,Delivered
972,130,40,30,2026-03-24,1849.73,Card,Cancelled
973,206,95,156,2026-04-01,1349.47,Cash,Delivered
974,16,218,20,2026-02-08,1680.26,UPI,Cancelled
975,280,244,132,2026-01-26,1691.8,Cash,Delivered
976,351,72,170,2026-01-29,1612.33,Cash,Cancelled
977,19,198,149,2026-02-12,231.3,Card,Delivered
978,9,56,89,2026-02-24,1884.47,UPI,Delivered
979,471,228,79,2026-02-21,1599.67,UPI,Delivered
980,289,295,184,2026-02-23,1730.28,Card,Delivered
981,101,49,66,2026-01-29,1284.93,Card,Cancelled
982,474,168,218,2026-04-01,674.73,Card,Delivered
983,233,113,142,2026-01-10,1339.62,Cash,Cancelled
984,484,184,294,2026-01-25,1417.35,Card,Delivered
985,500,180,166,2026-03-26,1809.85,Cash,Cancelled
986,46,194,98,2026-02-22,1526.42,Cash,Delivered
987,167,246,225,2026-01-28,208.94,UPI,Cancelled
988,262,200,37,2026-01-17,728.61,Cash,Delivered
989,165,198,244,2026-02-11,1835.9,Cash,Delivered
990,113,127,194,2026-02-02,1479.74,Card,Delivered
991,238,259,177,2026-02-08,1361.37,UPI,Delivered
992,256,10,17,2026-03-02,1995.42,Cash,Cancelled
993,105,218,191,2026-01-14,975.31,Card,Cancelled
994,256,94,263,2026-01-09,1437.34,UPI,Delivered
995,375,218,185,2026-01-13,595.73,Card,Cancelled
996,190,73,276,2026-03-18,1397.12,UPI,Cancelled
997,127,37,41,2026-03-12,564.32,Card,Cancelled
998,165,113,39,2026-01-05,973.36,UPI,Cancelled
999,415,245,121,2026-01-24,1945.78,Cash,Delivered
1000,86,232,58,2026-02-06,1961.15,UPI,Delivered
